us, 88,
government, 77,
telephone, 27,
intercept, 35,
february, 13,
placed, 18,
kiev, 8,
ukraine, 9,
tabriz, 4,
iran, 7,
call, 41,
prepaid, 12,
cell, 15,
phone, 37,
using, 3,
unlisted, 1,
id, 1,
number, 12,
supplied, 3,
internet, 6,
café, 12,
receiver, 12,
address, 5,
janbazan, 2,
st, 2,
west, 3,
ajerbaijan, 2,
residence, 4,
sattari, 2,
khurshid, 2,
caller, 26,
says, 27,
drilling, 3,
equipment, 16,
scheduled, 2,
arrive, 5,
urmia, 1,
well, 6,
soltan, 1,
handle, 2,
arrangements, 12,
report, 97,
date, 43,
march, 17,
communication, 7,
note, 6,
originating, 2,
account, 7,
believed, 10,
belong, 2,
maulana, 6,
haq, 6,
bukhari, 26,
per, 3,
pakistani, 13,
criminal, 18,
investigation, 19,
unit, 17,
karachi, 23,
division, 12,
bank, 15,
funds, 14,
transfer, 15,
information, 26,
transaction, 11,
identification, 7,
ebilaead, 2,
abnapkkackh, 1,
june, 14,
intercepted, 2,
pay, 7,
domodedovo, 1,
international, 21,
airport, 11,
street, 7,
nonthaburi, 2,
arkadi, 2,
borodinski, 2,
boonmee, 9,
khemkhaeng, 4,
suramongkol, 1,
virote, 1,
english, 5,
russian, 17,
accent, 3,
encouraged, 2,
hear, 5,
sources, 6,
replies, 1,
also, 20,
hope, 3,
business, 21,
shortly, 2,
surveillance, 18,
october, 22,
provided, 22,
cia, 16,
israeli, 5,
defense, 7,
forces, 8,
military, 20,
intelligence, 36,
directorate, 5,
muhammad, 7,
kasem, 20,
gaza, 7,
abdullah, 3,
khouri, 10,
mobile, 19,
september, 21,
preparing, 1,
next, 10,
event, 3,
need, 25,
additional, 6,
supplies, 4,
get, 11,
may, 17,
yes, 17,
already, 1,
spoken, 2,
man, 12,
provide, 3,
superior, 1,
quality, 2,
required, 4,
either, 1,
cash, 10,
meeting, 14,
wire, 2,
money, 19,
saudi, 15,
january, 23,
kasam, 4,
know, 25,
contact, 11,
trust, 4,
follow, 1,
used, 9,
past, 6,
thinkkasam, 1,
could, 13,
really, 1,
good, 14,
stuffkhouri, 1,
americans, 1,
jobkasam, 1,
must, 13,
decide, 3,
right, 5,
away, 1,
tell, 3,
decemberkasam, 1,
figure, 1,
moneykhouri, 1,
operation, 5,
yeskhouri, 1,
perhaps, 1,
soon, 15,
materials, 3,
placekasam, 1,
see, 6,
going, 8,
dubai, 9,
think, 5,
check, 2,
apartment, 16,
complex, 9,
barcelona, 4,
venezuela, 7,
district, 4,
carabobo, 7,
conversation, 12,
took, 15,
place, 17,
spanish, 4,
local, 8,
timecaller, 5,
jorge, 1,
raided, 5,
last, 9,
night, 5,
probably, 6,
police, 46,
watching, 2,
found, 27,
gunscaller, 1,
interrupted, 1,
shut, 4,
say, 3,
thatcaller, 1,
sorry, 1,
new, 14,
source, 8,
uh, 1,
car, 6,
partscaller, 1,
friend, 8,
connection, 8,
guy, 1,
selling, 3,
parts, 15,
today, 4,
tomorrowcaller, 1,
talk, 1,
anybody, 1,
anything, 3,
end, 5,
central, 5,
area, 11,
medellín, 1,
colombia, 1,
pillo, 1,
jhon, 4,
birthday, 2,
present, 3,
youcaller, 1,
thought, 2,
forgotten, 1,
got, 2,
busycaller, 1,
long, 6,
time, 16,
make, 25,
calls, 2,
finally, 3,
sending, 3,
something, 2,
pause, 5,
thank, 8,
want, 17,
give, 5,
thiscaller, 1,
even, 7,
hombre, 1,
warehouse, 1,
making, 5,
ready, 6,
use, 7,
amercianscaller, 1,
later, 12,
arranged, 2,
meet, 18,
method, 1,
sure, 6,
bring, 4,
much, 8,
public, 11,
transportkhouri, 1,
travel, 9,
alone, 2,
depends, 1,
april, 25,
said, 43,
itkasam, 1,
ankakhouri, 1,
risk, 2,
help, 5,
cross, 1,
border, 4,
contactskhouri, 1,
fine, 5,
let, 7,
oh, 2,
one, 19,
thing, 1,
burjkasem, 1,
idea, 1,
okay, 2,
looking, 4,
besides, 2,
stay, 3,
elsewherekasem, 1,
november, 13,
send, 10,
green, 4,
veb, 1,
regular, 1,
bolivar, 2,
fuerte, 1,
better, 1,
spring, 1,
afford, 1,
mad, 1,
beto, 1,
working, 4,
another, 8,
take, 9,
like, 9,
itcaller, 1,
extra, 1,
still, 5,
registered, 20,
aleppo, 3,
syria, 4,
antalya, 8,
turkey, 11,
kurmanji, 6,
language, 8,
saturday, 3,
news, 13,
many, 19,
students, 1,
joined, 1,
school, 5,
tents, 1,
food, 1,
water, 3,
glad, 3,
brother, 9,
growing, 1,
importance, 2,
accomplish, 1,
great, 5,
things, 2,
brothers, 1,
knows, 2,
professor, 2,
moscow, 8,
textbook, 1,
salesman, 1,
sell, 8,
top, 9,
excellent, 4,
baltasar, 3,
two, 19,
weeks, 6,
peace, 3,
igor, 2,
played, 1,
fool, 1,
game, 2,
nothing, 2,
short, 3,
responds, 1,
nicolai, 8,
mosweumm, 2,
december, 26,
sarajevo, 2,
bosnia, 2,
turkish, 2,
monday, 6,
would, 32,
grateful, 2,
opportunity, 3,
purchase, 4,
farming, 3,
payment, 11,
finalized, 1,
sent, 7,
list, 6,
please, 7,
items, 9,
quickly, 2,
disappointed, 1,
arrange, 4,
shipment, 6,
seller, 1,
arrangement, 1,
immediate, 1,
back, 9,
istanbul, 3,
wednesday, 5,
hakan, 3,
close, 4,
deal, 9,
three, 20,
days, 6,
notice, 1,
however, 8,
wired, 1,
within, 9,
hours, 6,
forget, 1,
sunday, 3,
textbooks, 2,
order, 6,
received, 7,
read, 2,
choices, 1,
spend, 2,
shipped, 3,
made, 9,
books, 2,
require, 2,
khemkhaengon, 2,
lim, 3,
chanarong, 3,
honor, 3,
relationship, 2,
gunter, 1,
notified, 1,
tuesday, 3,
calling, 3,
airplane, 1,
look, 4,
pick, 4,
traveling, 1,
united, 7,
arab, 6,
emerites, 3,
problem, 4,
meantime, 1,
proceed, 1,
arabian, 1,
monetary, 1,
agencybank, 1,
jordain, 1,
basel, 1,
private, 5,
sabank, 1,
receive, 2,
prepared, 2,
farm, 3,
tractors, 2,
thirtyfive, 1,
go, 2,
ninety, 3,
type, 3,
mean, 1,
hundred, 3,
eighty, 1,
course, 2,
ten, 3,
types, 1,
cases, 2,
twenty, 2,
red, 1,
invoice, 5,
mikhail, 6,
dombrovski, 2,
lagos, 3,
nigeria, 4,
speaker, 4,
success, 4,
endeavors, 1,
families, 1,
noble, 2,
causes, 1,
dr, 4,
george, 5,
praise, 1,
overjoyed, 1,
speaking, 2,
several, 13,
matters, 3,
discuss, 3,
mutual, 5,
projectspeaker, 1,
hoping, 2,
paperwork, 3,
satisfaction, 1,
details, 5,
companions, 1,
pleased, 2,
faithfulness, 1,
securing, 2,
transactionsspeaker, 1,
accurate, 1,
statement, 6,
billing, 1,
particular, 2,
agreed, 2,
noted, 2,
catalog, 1,
exactly, 2,
perform, 1,
services, 10,
health, 4,
ministry, 20,
missing, 1,
critical, 1,
fear, 4,
unfulfilled, 1,
needspeaker, 1,
project, 7,
officially, 1,
underway, 1,
location, 3,
thousand, 3,
apologies, 1,
pass, 3,
pressing, 1,
agree, 1,
way, 2,
acceptable, 1,
lira, 1,
delivered, 3,
withdraw, 1,
reservations, 1,
day, 11,
instructors, 1,
adad, 1,
hotel, 15,
burj, 4,
al, 5,
exhibition, 6,
forward, 1,
known, 9,
arms, 55,
yemen, 21,
identified, 2,
saleh, 5,
ahmed, 6,
leonid, 5,
dead, 3,
person, 5,
receiving, 1,
arabic, 1,
truly, 1,
blessed, 2,
support, 2,
continue, 3,
build, 1,
family, 4,
shall, 6,
plan, 6,
reunion, 2,
mohammed, 3,
anka, 4,
bad, 2,
stolenkasem, 1,
tried, 1,
noticed, 2,
security, 20,
longer, 1,
usefulkasem, 1,
trip, 2,
hard, 7,
enough, 2,
onekasem, 1,
flyanka, 1,
bus, 1,
longanka, 1,
driving, 1,
takenkasem, 1,
stops, 1,
seenanka, 1,
wantedkasem, 1,
fly, 2,
rafic, 1,
hariri, 1,
lebanonanka, 1,
someone, 2,
helpanka, 1,
nokasem, 1,
mission, 1,
important, 4,
problems, 3,
wayanka, 1,
sana, 3,
aden, 3,
worker, 4,
attend, 1,
join, 2,
celebrate, 1,
greet, 1,
warmly, 1,
haik, 2,
unfortunate, 2,
circumstances, 3,
signal, 1,
lost, 1,
point, 4,
refers, 1,
seven, 1,
star, 1,
super, 1,
luxury, 1,
nairobi, 9,
kenya, 8,
tanya, 11,
jewels, 1,
arrived, 6,
safely, 1,
expected, 3,
turn, 1,
year, 10,
responsible, 2,
difficulties, 2,
home, 6,
expects, 1,
disappoint, 1,
nahid, 6,
lahore, 6,
sixty, 1,
national, 14,
database, 1,
registration, 1,
authority, 5,
nadra, 1,
computerized, 2,
identity, 6,
card, 3,
cnic, 2,
blanks, 4,
stolen, 4,
interior, 4,
office, 9,
suspect, 1,
kashif, 2,
inshan, 2,
ali, 7,
apprehended, 1,
heera, 1,
mandi, 1,
cid, 4,
frequent, 1,
involvement, 5,
theft, 2,
handling, 2,
resale, 1,
property, 1,
denies, 3,
despite, 5,
confronted, 1,
cctv, 2,
footage, 1,
showing, 1,
entering, 3,
building, 9,
closing, 1,
jhangvi, 7,
name, 4,
appeared, 6,
computer, 3,
drive, 2,
recovered, 5,
trash, 1,
bin, 2,
outside, 6,
appears, 3,
attempt, 4,
destroy, 1,
burning, 1,
denied, 2,
charges, 8,
filed, 2,
released, 5,
pilot, 3,
ilyushin, 7,
cargo, 11,
plane, 17,
seized, 9,
bangkok, 19,
revealed, 3,
curious, 1,
flight, 5,
path, 2,
baku, 1,
azerbaijan, 1,
stop, 5,
fujariam, 1,
emirate, 1,
uae, 3,
landing, 1,
mueang, 6,
feb, 5,
supposed, 2,
colombo, 2,
sri, 4,
lanka, 4,
veracity, 1,
studied, 1,
crew, 8,
members, 5,
detained, 6,
taken, 4,
station, 2,
crime, 1,
suppression, 1,
csd, 1,
headquarters, 4,
tolya, 1,
shponarskaia, 1,
belarus, 2,
raph, 2,
plotnitskaia, 3,
pepik, 1,
malakhovskii, 1,
mykola, 1,
khitovo, 1,
grigor, 1,
ialovskaia, 1,
face, 1,
court, 13,
five, 13,
including, 4,
illegal, 10,
possessionsources, 1,
traced, 1,
small, 9,
air, 5,
freight, 1,
company, 16,
located, 2,
operated, 1,
businessman, 6,
borodinskii, 1,
leave, 4,
weapons, 30,
leads, 1,
connecting, 1,
viktor, 2,
bout, 2,
recent, 4,
loaded, 2,
landed, 4,
prison, 3,
ability, 1,
communicate, 3,
world, 3,
told, 7,
remind, 1,
american, 4,
admirers, 1,
fact, 4,
planning, 3,
concerning, 4,
situation, 4,
deny, 1,
intended, 1,
recipient, 1,
clear, 1,
position, 3,
weaponry, 3,
industry, 2,
makes, 1,
rockets, 4,
tanks, 2,
jet, 1,
fighters, 2,
light, 3,
submarines, 1,
missiles, 3,
suspected, 11,
dealers, 6,
kuryakin, 3,
khemkhaengare, 3,
attendees, 2,
defence, 3,
systems, 2,
dsei, 1,
london, 1,
began, 1,
concerns, 3,
member, 3,
lashkarejhangvi, 9,
akram, 6,
basra, 17,
observed, 1,
jalil, 1,
bakery, 1,
coffeehouse, 1,
qasim, 1,
town, 15,
morning, 3,
met, 4,
unidentified, 1,
male, 1,
minutes, 11,
left, 18,
via, 2,
scooter, 1,
informant, 5,
access, 4,
reliable, 3,
reporting, 2,
history, 1,
thai, 6,
agencysurveillance, 1,
dealer, 3,
flew, 1,
best, 6,
western, 2,
restaurant, 2,
approximately, 2,
financial, 1,
state, 5,
armysouth, 1,
rebel, 1,
factions, 1,
fighting, 4,
development, 2,
council, 2,
regime, 2,
burma, 2,
july, 4,
provider, 1,
counterfeit, 1,
naeem, 1,
nawaz, 1,
picked, 2,
bhutto, 1,
nagar, 1,
neighborhood, 1,
landhi, 2,
allegedly, 3,
activities, 6,
azeem, 1,
bhutani, 7,
leadership, 1,
visited, 4,
imam, 2,
ullah, 4,
korongi, 3,
road, 7,
mosque, 6,
following, 10,
conclusion, 1,
noon, 1,
prayers, 1,
accompanied, 6,
driver, 7,
possibly, 2,
mudassar, 3,
nausherwani, 1,
drove, 3,
suzuki, 2,
mehran, 1,
license, 5,
kab, 3,
remained, 2,
third, 3,
unknown, 8,
walked, 1,
across, 2,
outbuilding, 1,
men, 16,
entered, 6,
witness, 2,
reports, 7,
large, 4,
hold, 2,
people, 14,
spoke, 2,
went, 2,
foot, 6,
toward, 2,
center, 4,
august, 9,
spent, 2,
demonstration, 1,
cricket, 1,
match, 1,
stadium, 1,
driven, 1,
stayed, 7,
dinner, 1,
zouk, 1,
khayabaneshamsheer, 1,
downtown, 1,
langkawi, 2,
maritime, 2,
aerospace, 2,
lima, 2,
mahsuri, 2,
malaysia, 3,
subject, 3,
tribune, 3,
reporter, 1,
sevlana, 1,
ordered, 2,
musakhan, 1,
tea, 3,
proceeded, 2,
north, 14,
gazzede, 1,
cami, 1,
shulaf, 3,
alaramaf, 3,
informants, 2,
staying, 2,
apartments, 4,
since, 7,
rented, 1,
mjf, 1,
sympathizer, 1,
states, 4,
bullets, 1,
six, 4,
guns, 10,
ware, 1,
among, 4,
raiding, 1,
house, 19,
narok, 6,
belonging, 3,
mr, 13,
thabiti, 7,
otieno, 9,
officers, 13,
investigating, 3,
sleeping, 1,
bags, 1,
natoapproved, 1,
calibre, 1,
ammunition, 10,
desert, 1,
boots, 1,
combat, 3,
rain, 1,
jackets, 1,
fuel, 1,
british, 4,
army, 4,
inscribed, 1,
land, 4,
rover, 1,
spare, 1,
machetes, 2,
knives, 1,
hands, 4,
unauthorised, 1,
leader, 8,
faction, 4,
frequently, 4,
acts, 4,
bodyguard, 4,
delivery, 3,
lyari, 9,
constituent, 1,
clothing, 1,
opposed, 1,
uniform, 1,
white, 1,
van, 1,
lhr, 1,
single, 1,
blue, 1,
stripe, 1,
side, 2,
consisted, 1,
medium, 2,
boxes, 2,
requiring, 1,
move, 2,
box, 3,
handsized, 1,
heavy, 3,
square, 1,
rectangular, 2,
immediately, 4,
loud, 1,
voices, 1,
heard, 1,
moments, 1,
subsided, 1,
fifteen, 1,
silver, 1,
mercedes, 1,
rear, 1,
occupants, 2,
due, 4,
tinted, 1,
glass, 1,
impossible, 3,
identify, 1,
vehicle, 1,
surveilled, 1,
came, 4,
followed, 3,
kilometers, 1,
southeast, 3,
returned, 6,
observer, 1,
discovered, 3,
reported, 8,
katchi, 1,
abadis, 1,
old, 2,
settlement, 1,
longhi, 1,
vendor, 2,
passing, 1,
enter, 2,
knew, 1,
sight, 1,
never, 4,
ship, 6,
mv, 10,
captured, 3,
pirates, 7,
coast, 2,
somalia, 2,
owned, 1,
waterways, 3,
ag, 1,
based, 5,
netherlands, 1,
sails, 1,
panamanian, 1,
flag, 1,
managed, 1,
southern, 5,
shipping, 3,
traveled, 2,
market, 3,
cars, 1,
assault, 2,
rifles, 1,
pistols, 4,
hand, 4,
grenades, 5,
pipe, 1,
bombs, 2,
approached, 1,
peugeot, 1,
shook, 1,
departed, 3,
buying, 1,
falafel, 1,
stand, 1,
blocks, 1,
benches, 1,
landmark, 1,
cinema, 1,
group, 5,
somali, 1,
somalian, 1,
protection, 2,
regional, 3,
guard, 5,
demanded, 2,
ransom, 2,
dollars, 4,
release, 5,
boat, 1,
power, 2,
destination, 3,
captain, 2,
first, 1,
mate, 1,
stated, 2,
victim, 1,
accident, 1,
fell, 1,
deck, 1,
onto, 2,
metal, 2,
walkway, 1,
diaaccording, 1,
ukrainian, 6,
carrying, 7,
soviettype, 1,
multiple, 3,
rocket, 6,
launcher, 4,
vehicles, 4,
advanced, 1,
fifth, 1,
fleet, 1,
newport, 1,
destroyer, 1,
uss, 1,
leonard, 1,
visual, 1,
range, 5,
anchored, 1,
cost, 2,
near, 4,
hobyo, 1,
belizeflagged, 1,
headed, 3,
kenyan, 7,
port, 6,
mombasa, 3,
thursday, 7,
part, 14,
contract, 21,
update, 1,
hardware, 1,
nov, 1,
sports, 2,
bar, 2,
tauheed, 1,
commercial, 1,
karach, 1,
black, 2,
bmw, 3,
plate, 2,
associate, 3,
tsb, 1,
room, 10,
exited, 2,
waiting, 1,
automobile, 2,
heading, 3,
attended, 3,
prayer, 2,
least, 2,
balochi, 1,
jinnah, 1,
mai, 1,
lasted, 1,
meetings, 1,
afternoon, 3,
service, 2,
main, 1,
afterwards, 1,
east, 7,
massacre, 1,
pushkinska, 1,
str, 1,
sviatoslavich, 3,
gangsterstyle, 1,
hit, 1,
celebration, 1,
grandfather, 1,
murdered, 1,
attack, 4,
eighteen, 1,
died, 2,
scrap, 1,
paper, 1,
soltanzadeh, 1,
pyongyang, 4,
confirmed, 5,
carats, 1,
diamonds, 5,
georgiy, 1,
giunter, 3,
jewelry, 1,
precious, 1,
stones, 1,
middle, 1,
russia, 6,
launderer, 1,
addition, 2,
legitimate, 1,
gemstone, 1,
work, 3,
bihar, 1,
colony, 2,
moosa, 1,
lane, 1,
door, 3,
without, 10,
knocking, 1,
nawab, 1,
mahabatkhangi, 1,
hired, 1,
allama, 1,
iqbal, 1,
paid, 3,
tickets, 1,
emirates, 1,
airlines, 1,
returning, 1,
arrested, 10,
isma, 2,
ehsan, 2,
syed, 2,
rana, 6,
mausherwani, 2,
tanvir, 2,
rajput, 2,
javed, 2,
kashfi, 3,
civil, 6,
disturbance, 2,
courtyard, 2,
galaxy, 2,
tannery, 2,
responding, 1,
fight, 1,
arguing, 1,
others, 4,
whether, 5,
medical, 2,
care, 1,
ruby, 1,
pocket, 1,
litter, 1,
papers, 1,
persons, 2,
described, 1,
belowaisma, 1,
ehsanpakistani, 1,
cardbsyed, 1,
ranapakistani, 1,
expiredname, 1,
handwritten, 3,
musab, 1,
mausherwanipakistani, 1,
cardtravel, 1,
itinerary, 1,
namedepartdatedestinationazeem, 1,
mengallhe, 1,
rajputpakistani, 1,
cardbooklet, 1,
islam, 2,
westmagazine, 1,
photograph, 1,
mohabbataan, 1,
sachiyaan, 1,
actress, 1,
ejaved, 1,
kashfiname, 1,
arsalan, 1,
divisionsurveillance, 1,
informantsmarch, 1,
dining, 1,
km, 2,
terminal, 1,
log, 1,
records, 7,
indicate, 3,
sites, 1,
visiting, 1,
timeframe, 1,
hrs, 1,
http, 1,
wwwpakavenuecomhttp, 1,
wwwpakistanicomhttp, 1,
wwwyahoocomhttp, 1,
wwwgooglecomokintlurhttp, 1,
wwwjumeirahcomenhotelsandresortsdestinationsdubaiburjalarabhttp, 1,
wwwhotmailcomhttp, 1,
wwwalexacomsearch, 1,
qpakistanchat, 1,
pgkey, 1,
rsitesitehttp, 1,
wwwyoutubecomhttp, 1,
wwwgalaxycomputerscompkhttp, 1,
wwwzandghicomhttp, 1,
wwwpakisearchnethttp, 1,
faadicom, 1,
yemeni, 14,
neardeath, 1,
general, 4,
hospital, 1,
survive, 1,
sitting, 1,
sunny, 1,
corner, 1,
sidewalk, 1,
beirut, 1,
notes, 2,
passes, 1,
signs, 1,
quick, 1,
exit, 1,
attention, 2,
tells, 1,
taps, 1,
cigarette, 2,
knee, 1,
ashes, 1,
ground, 1,
happen, 1,
careful, 1,
watch, 2,
everything, 1,
every, 2,
precaution, 1,
worried, 1,
second, 1,
wanted, 3,
around, 5,
chuckles, 1,
martyrs, 1,
front, 1,
judea, 1,
dedicated, 1,
regaining, 1,
foothold, 1,
gazawest, 1,
currently, 3,
dispute, 1,
israel, 1,
month, 2,
explosion, 1,
openair, 1,
four, 6,
injured, 1,
officerkasem, 1,
inherited, 1,
mfj, 2,
former, 5,
ibrahim, 1,
bahlan, 1,
killed, 1,
reorganized, 1,
worked, 1,
message, 8,
forefront, 1,
media, 2,
keeping, 1,
secret, 1,
vulnerable, 1,
conduct, 2,
campaign, 2,
behind, 1,
shrubbery, 1,
set, 3,
supply, 4,
chain, 1,
stable, 1,
find, 1,
recruits, 1,
points, 1,
advertise, 1,
whenever, 1,
attacked, 1,
cause, 4,
justice, 1,
righteousness, 1,
grins, 1,
contacts, 2,
suppliers, 1,
spanning, 1,
countries, 4,
available, 1,
enemy, 1,
scared, 1,
sun, 1,
sets, 1,
finishes, 1,
stubs, 1,
big, 2,
plans, 2,
horizon, 1,
scanning, 1,
melts, 1,
crowd, 1,
attacks, 1,
nabbed, 1,
cidthe, 1,
personnel, 2,
sindh, 1,
claim, 4,
busted, 1,
network, 1,
terrorists, 4,
banned, 1,
militant, 1,
outfit, 2,
planned, 1,
bomb, 2,
nishter, 3,
park, 4,
gathering, 2,
rabiul, 2,
awwal, 2,
explosives, 3,
detonators, 2,
held, 3,
terroriststhe, 1,
ssp, 1,
expanded, 1,
networks, 1,
city, 3,
given, 2,
wake, 1,
increased, 1,
offensive, 1,
exercise, 1,
spy, 1,
carry, 1,
act, 1,
forthcoming, 2,
religious, 2,
significance, 1,
khan, 4,
along, 1,
team, 2,
g, 1,
allana, 1,
encounter, 1,
abdul, 3,
ul, 3,
baqi, 3,
alias, 2,
majid, 2,
ismail, 2,
yousuf, 2,
gathered, 3,
belonged, 3,
resident, 1,
shah, 1,
faisal, 1,
lived, 1,
malir, 2,
tt, 1,
potassium, 1,
nitrate, 1,
mortar, 1,
wires, 1,
equipments, 1,
search, 2,
suspects, 3,
subsequently, 1,
taking, 2,
probe, 1,
accused, 3,
claimed, 4,
qari, 1,
hussain, 1,
congregation, 1,
investigators, 2,
ameer, 2,
chhota, 1,
hasan, 1,
ago, 6,
activists, 2,
called, 2,
hideout, 1,
hasanthey, 1,
started, 3,
explosive, 1,
waited, 1,
directions, 1,
period, 1,
motorcycles, 2,
blast, 1,
procession, 1,
wearing, 1,
turbans, 2,
avoid, 1,
suspicion, 2,
reach, 1,
moving, 1,
prescribed, 1,
press, 1,
remote, 1,
control, 7,
purchased, 1,
fully, 1,
unfortunately, 1,
tipped, 1,
armsdealing, 4,
article, 6,
post, 9,
authorities, 6,
aircraft, 3,
tons, 2,
korea, 10,
refueling, 1,
official, 4,
final, 4,
according, 8,
spokesman, 5,
prime, 1,
minister, 4,
contained, 2,
rocketpropelled, 2,
shoulderlaunched, 1,
tubes, 1,
missile, 3,
components, 3,
onboard, 1,
appear, 2,
related, 1,
smuggling, 3,
tale, 1,
becomes, 3,
increasing, 1,
mystery, 1,
ebina, 2,
interviewed, 3,
staff, 3,
photos, 1,
late, 2,
bodyguards, 1,
booked, 1,
suites, 1,
paying, 1,
baht, 1,
floor, 1,
thais, 1,
lobby, 1,
foreigners, 1,
saw, 2,
television, 1,
newspapers, 1,
questions, 5,
raised, 3,
tonnes, 2,
breach, 2,
un, 5,
sanctions, 2,
refuel, 2,
safer, 1,
stopover, 1,
destinations, 1,
smugglers, 2,
laos, 1,
vietnam, 1,
circuitous, 1,
route, 2,
alleged, 1,
sense, 1,
diplomats, 1,
easily, 1,
sourced, 1,
soviet, 4,
navigator, 2,
klong, 1,
prem, 1,
refused, 2,
answer, 1,
basic, 2,
flights, 1,
insisted, 2,
innocent, 1,
delivering, 1,
oil, 5,
handed, 1,
country, 7,
ca, 1,
nt, 3,
charged, 4,
thailand, 4,
likely, 2,
dropped, 2,
confirm, 2,
crates, 3,
open, 2,
sealed, 1,
proper, 1,
documents, 6,
washington, 2,
posta, 1,
virginia, 1,
run, 2,
wouldbe, 1,
merchant, 2,
pleaded, 2,
guilty, 3,
trying, 2,
vision, 1,
goggles, 1,
tolah, 2,
john, 1,
raleigh, 7,
vienna, 1,
va, 1,
plea, 1,
behalf, 3,
sampan, 1,
enterprises, 1,
ltd, 1,
hearing, 2,
admitting, 1,
sought, 3,
broker, 1,
deals, 4,
amount, 5,
recommended, 1,
prosecutors, 3,
actually, 1,
able, 5,
years, 5,
effort, 1,
became, 1,
suspicious, 2,
columbia, 1,
customs, 4,
agents, 1,
nationals, 1,
luggage, 1,
product, 1,
brochures, 1,
referring, 1,
swissmade, 1,
machine, 2,
assallal, 1,
runs, 1,
kna, 1,
trading, 1,
email, 8,
officials, 6,
amounted, 1,
asked, 4,
getting, 2,
suggest, 1,
establish, 2,
distributorship, 1,
client, 1,
glock, 1,
presidential, 1,
abu, 1,
dhabi, 1,
mediasana, 1,
alhamdi, 1,
amant, 2,
flagstones, 1,
respects, 1,
jambiya, 2,
curved, 1,
ceremonial, 1,
blade, 1,
common, 1,
children, 4,
come, 2,
age, 1,
buy, 6,
gun, 14,
heritage, 1,
tradition, 1,
father, 2,
misuse, 1,
firearms, 8,
losing, 1,
lives, 4,
yearly, 1,
gunrelated, 1,
disputes, 2,
voicing, 1,
easy, 2,
weaponsearlier, 1,
representatives, 1,
urged, 1,
parliament, 4,
law, 1,
proposed, 3,
criminalise, 1,
unlicensed, 3,
bills, 2,
seeking, 3,
licensing, 3,
soundly, 1,
rejected, 2,
controlling, 1,
opposition, 1,
parties, 1,
markets, 1,
suq, 1,
talh, 1,
sa, 1,
ada, 1,
province, 1,
battlefield, 1,
sporadic, 1,
conflict, 4,
houthi, 1,
rebels, 3,
blame, 1,
notorious, 2,
supplying, 1,
operating, 1,
exports, 1,
neighboring, 2,
arabia, 4,
gone, 5,
increase, 2,
dealings, 5,
countryprior, 1,
programme, 1,
supported, 2,
tribesmen, 1,
included, 5,
propelled, 1,
antiaircraft, 2,
grenadeshowever, 1,
current, 3,
yemenis, 1,
teacher, 1,
compelled, 1,
personal, 5,
dislike, 1,
wish, 1,
culture, 3,
friends, 1,
possess, 2,
safety, 2,
resisted, 1,
strongly, 1,
bought, 2,
kalashnikov, 1,
eight, 2,
months, 5,
rise, 2,
gunfire, 1,
capital, 1,
realised, 1,
everyone, 1,
selfdefence, 1,
decided, 2,
drop, 1,
case, 4,
elaborate, 1,
yesterday, 3,
reasons, 1,
leading, 1,
decision, 2,
announced, 1,
todaytheir, 1,
russianmade, 2,
refueled, 1,
en, 1,
searched, 1,
daythe, 1,
permission, 1,
illegally, 2,
bringing, 1,
failing, 1,
inform, 3,
senior, 8,
record, 3,
nonsense, 1,
saying, 2,
true, 1,
cheaper, 1,
union, 1,
stopovers, 1,
york, 2,
timesthe, 1,
scene, 2,
minsky, 25,
classic, 3,
cult, 2,
film, 3,
middleaged, 2,
pale, 2,
fat, 2,
dressed, 2,
colorful, 2,
silk, 2,
robe, 2,
flanked, 2,
quartet, 2,
italian, 11,
prostitutes, 3,
owner, 3,
galleria, 2,
soncino, 4,
milan, 2,
italy, 4,
transformed, 2,
tworoom, 2,
suite, 2,
party, 4,
hall, 2,
hangout, 2,
shady, 2,
european, 2,
warning, 3,
putting, 2,
apparently, 2,
derailing, 2,
career, 2,
prominent, 2,
smuggler, 2,
permanently, 2,
derailed, 2,
reportedly, 3,
shot, 2,
death, 5,
jail, 4,
sketchyalthough, 1,
supposedly, 2,
tip, 2,
unpaid, 2,
prostitute, 2,
times, 4,
acquired, 3,
shows, 2,
rome, 3,
organization, 5,
involved, 7,
laundering, 4,
drug, 4,
foreign, 7,
accounts, 3,
businessmen, 2,
conducted, 2,
origins, 4,
associated, 3,
trafficking, 2,
extortion, 2,
offenses, 2,
key, 3,
hot, 2,
evening, 3,
worth, 2,
uncut, 2,
analysis, 2,
african, 9,
diamond, 4,
scales, 2,
receipts, 2,
shipments, 6,
duffel, 2,
bag, 2,
filled, 3,
hungarian, 2,
mauritian, 2,
currency, 2,
briefcase, 2,
piles, 2,
scattered, 2,
rooms, 2,
collected, 2,
french, 2,
german, 2,
dutch, 3,
relating, 2,
wide, 2,
variety, 2,
operations, 6,
specific, 2,
findings, 3,
timber, 2,
consumer, 2,
goods, 4,
maps, 2,
kenyasudan, 2,
inquiry, 2,
nigerian, 3,
engineering, 4,
bridge, 2,
construction, 4,
offer, 2,
korean, 3,
representative, 2,
asking, 3,
ascertain, 2,
liberian, 2,
president, 2,
charles, 2,
taylor, 2,
interested, 3,
establishing, 2,
diplomatic, 2,
relations, 2,
anna, 2,
nicole, 2,
smith, 2,
apology, 2,
evidence, 4,
realized, 2,
standard, 7,
nairobihardly, 1,
week, 5,
cabinet, 1,
approved, 3,
reforms, 1,
mp, 7,
eye, 2,
storm, 2,
haulthe, 1,
force, 12,
adversely, 1,
mentioned, 1,
various, 2,
accuse, 1,
gross, 1,
human, 2,
rights, 2,
violations, 2,
include, 4,
murder, 1,
rape, 1,
election, 1,
fending, 1,
allegations, 1,
brass, 2,
clandestine, 1,
movement, 4,
armsthe, 1,
centre, 1,
commandant, 6,
ita, 3,
adoyo, 4,
mps, 2,
grilledfocus, 1,
shifted, 1,
cache, 7,
incident, 2,
linked, 1,
succession, 1,
battles, 1,
hierarchythe, 1,
battle, 1,
becoming, 1,
intense, 1,
tenure, 1,
reflect, 1,
lapses, 1,
connivance, 1,
threat, 2,
experts, 2,
familiar, 3,
register, 1,
deliberate, 2,
dealmaking, 1,
seizure, 4,
ammunitions, 4,
prearranged, 1,
expert, 1,
ongoing, 2,
investigations, 4,
saidit, 1,
high, 2,
alert, 1,
implicate, 1,
responsibility, 1,
originated, 1,
base, 4,
huge, 2,
narokmr, 1,
oliver, 1,
thatcher, 1,
civilian, 2,
officer, 3,
superintendent, 2,
wanjohi, 3,
onyango, 4,
possessing, 3,
ammunitionmr, 1,
employed, 1,
nanyuki, 1,
detectives, 1,
moved, 2,
questioned, 3,
internal, 5,
daily, 4,
telegrapha, 1,
acquitted, 1,
wife, 3,
owiti, 4,
possession, 4,
judges, 1,
insufficient, 1,
involving, 1,
defendants, 2,
eightyear, 1,
sentence, 3,
aside, 1,
lower, 1,
earlier, 5,
convicted, 1,
interests, 2,
appellate, 1,
testimony, 1,
credible, 1,
unclear, 1,
dates, 1,
locations, 1,
often, 1,
elements, 1,
objectively, 1,
proven, 1,
ruled, 1,
conviction, 2,
built, 1,
quicksand, 1,
ruling, 1,
blow, 1,
appealed, 1,
stiffer, 1,
war, 1,
crimes, 1,
assistant, 2,
jimiyu, 2,
michieka, 3,
return, 2,
outcome, 1,
trial, 1,
la, 1,
repubblica, 1,
cocaine, 1,
bust, 1,
turned, 2,
surprise, 1,
intrigue, 1,
named, 3,
halfmillion, 1,
detailing, 1,
tangled, 1,
web, 1,
custody, 2,
florence, 1,
obituaries, 1,
hospitalwe, 1,
regret, 1,
deaths, 1,
maythis, 1,
couple, 2,
married, 1,
born, 2,
oswestry, 1,
shropshire, 1,
england, 1,
narokthey, 1,
ethan, 1,
kaniaru, 1,
bud, 1,
wanjiku, 1,
mildred, 1,
ng, 1,
endo, 1,
jonathan, 1,
kariuki, 1,
ethel, 1,
njeri, 1,
tamara, 1,
muiruri, 1,
usa, 2,
lois, 1,
nyambura, 1,
edsel, 1,
ndungu, 1,
nebraska, 1,
submitted, 1,
weekend, 1,
machinery, 1,
co, 1,
fuses, 1,
sales, 1,
myanmar, 1,
contribute, 1,
hundreds, 1,
millions, 1,
annually, 1,
hardcurrency, 1,
earnings, 1,
although, 2,
sale, 2,
relatively, 1,
routine, 1,
normally, 1,
violates, 1,
ban, 1,
imposed, 1,
resolution, 1,
designed, 1,
punish, 1,
consistently, 1,
violated, 2,
unimposed, 1,
dispose, 1,
advice, 1,
far, 1,
pornographic, 1,
flickers, 1,
background, 1,
sketchy, 1,
generation, 1,
highly, 1,
organized, 1,
postsoviet, 1,
criminals, 1,
whose, 1,
largely, 1,
attributable, 1,
climate, 1,
chaos, 1,
poverty, 1,
disintegrating, 1,
apparatus, 1,
governs, 1,
republics, 1,
mobsters, 1,
stockpiles, 1,
considered, 2,
surplus, 1,
favored, 1,
embargoed, 1,
groupings, 1,
cheap, 1,
wherever, 1,
saba, 4,
agency, 5,
san, 1,
northern, 2,
forcing, 1,
closures, 1,
thousands, 1,
fleeing, 1,
nations, 1,
spilled, 1,
causing, 1,
villages, 1,
evacuated, 1,
schools, 1,
closed, 1,
sigrid, 1,
unicef, 1,
total, 4,
displaced, 1,
estimated, 2,
fingers, 1,
destabilizing, 1,
influence, 2,
affair, 1,
directed, 3,
yet, 2,
insist, 1,
rooted, 1,
domestic, 1,
unrest, 1,
separatist, 1,
assert, 1,
sectarian, 1,
shiite, 2,
dominate, 1,
majority, 1,
sunni, 1,
supporters, 1,
slain, 1,
cleric, 1,
hussein, 1,
alhouthi, 2,
founded, 1,
sha, 1,
ab, 1,
almuminin, 1,
young, 1,
believers, 1,
significant, 1,
status, 1,
amongst, 1,
za, 1,
idi, 1,
population, 1,
escalates, 1,
worsening, 1,
kahn, 1,
affected, 1,
seen, 2,
lack, 1,
safe, 2,
nutrition, 1,
hygiene, 1,
exerting, 1,
toll, 1,
wellbeing, 2,
threatening, 1,
survival, 1,
camps, 3,
refugees, 2,
obtain, 1,
collecting, 1,
friday, 3,
little, 1,
solve, 1,
core, 1,
indeed, 2,
tenders, 1,
materiel, 1,
procurement, 1,
chilemba, 1,
abasi, 2,
added, 2,
beneficiary, 1,
bidding, 1,
competitive, 1,
lawful, 1,
bail, 1,
omondi, 3,
camp, 1,
issued, 4,
ministerial, 1,
armoury, 8,
department, 3,
purpose, 1,
done, 4,
commander, 1,
gives, 1,
armours, 1,
updating, 1,
kenyans, 1,
serious, 2,
sensitive, 2,
matter, 3,
promised, 1,
parliamentary, 2,
committee, 5,
question, 1,
command, 1,
colleagues, 2,
pointed, 1,
awry, 1,
corroborated, 1,
exposed, 1,
sour, 2,
merchants, 1,
civilians, 1,
training, 5,
college, 2,
mptc, 3,
unresolved, 1,
political, 1,
intrigues, 1,
relate, 1,
retention, 1,
retired, 1,
inspector, 1,
reprisals, 2,
claims, 6,
unusual, 1,
knowledge, 3,
intriguing, 1,
revelations, 1,
updated, 2,
requisitions, 1,
districts, 1,
units, 1,
buildings, 1,
rapid, 1,
deployment, 1,
rural, 1,
patrol, 2,
answering, 1,
ended, 1,
saidarms, 1,
acquisition, 1,
emerged, 1,
steeped, 1,
corruption, 1,
raises, 1,
armed, 1,
round, 1,
clock, 1,
feasible, 1,
privy, 1,
keeps, 1,
secures, 1,
addresses, 1,
trade, 7,
sep, 1,
alkalid, 2,
allow, 7,
completely, 1,
crushed, 1,
summer, 1,
crackdown, 1,
quoted, 1,
staterun, 1,
truthtodaynet, 1,
secretly, 1,
pieces, 2,
unprecedented, 1,
step, 1,
eliminate, 1,
distressing, 1,
efforts, 1,
focus, 1,
terrorism, 1,
embarked, 1,
upon, 3,
widely, 1,
buyback, 1,
program, 1,
neutralize, 1,
posed, 1,
nonconfrontational, 1,
manner, 1,
businesses, 1,
anticipation, 3,
introduction, 1,
system, 4,
bid, 1,
highest, 1,
rates, 1,
ownership, 2,
task, 1,
regulating, 1,
purchases, 1,
monitoring, 1,
dealerships, 1,
million, 3,
roughly, 2,
woman, 1,
child, 1,
essential, 1,
strengthen, 1,
supplier, 1,
asiapacific, 1,
region, 3,
customers, 2,
major, 2,
show, 4,
exporter, 1,
rosoboronexport, 3,
biennial, 1,
starts, 1,
broadly, 1,
customer, 1,
potential, 1,
deputy, 1,
director, 4,
novoski, 2,
heads, 1,
delegation, 1,
expressed, 1,
closer, 1,
tie, 1,
federation, 1,
asianpacific, 1,
display, 1,
seabased, 1,
line, 1,
includes, 1,
wingmane, 1,
pendulumk, 1,
multirole, 1,
trainer, 1,
models, 1,
bi, 1,
ya, 1,
helicopters, 1,
represented, 1,
supreme, 1,
secure, 2,
exhibit, 1,
displacement, 1,
surface, 2,
ships, 1,
demand, 1,
asia, 1,
whisper, 1,
viper, 1,
boats, 1,
exhibiting, 1,
diesel, 1,
submarine, 1,
otter, 1,
continues, 1,
departing, 1,
touched, 1,
midday, 1,
previous, 1,
boarded, 1,
immigration, 1,
ukrainians, 1,
belarusian, 1,
checked, 1,
threestar, 1,
hotmailcom, 4,
joetomsk, 6,
aurufrom, 1,
desk, 3,
engr, 2,
funsho, 2,
lekki, 1,
phase, 1,
anifowoshe, 1,
lagosnigeriatel, 1,
sir, 4,
fund, 5,
investmenti, 1,
kapolalum, 3,
implementation, 2,
minerals, 2,
energy, 2,
recommendation, 1,
plus, 1,
individualcompany, 1,
willing, 2,
assist, 3,
execution, 2,
cooperation, 3,
totaling, 1,
thirty, 1,
abroad, 1,
assistance, 1,
companyindividual, 1,
handicap, 1,
nigeriam, 1,
code, 1,
operate, 1,
offshore, 2,
hence, 2,
represents, 1,
balance, 2,
value, 1,
executed, 6,
contracting, 1,
firm, 1,
invoiced, 1,
deliberately, 1,
though, 2,
actual, 3,
original, 1,
contractor, 3,
leaving, 1,
tune, 1,
principles, 1,
gotten, 1,
approval, 4,
remit, 1,
filing, 1,
application, 3,
finance, 3,
nigeriai, 2,
propose, 1,
share, 4,
sum, 2,
taxation, 1,
miscellaneous, 1,
expenses, 1,
remaining, 1,
charity, 1,
treats, 1,
utmost, 1,
secrecy, 1,
confidentiality, 1,
specialization, 1,
hindrance, 1,
successful, 3,
remember, 1,
treat, 1,
confidential, 1,
comprehend, 1,
form, 1,
exposure, 1,
active, 1,
wait, 2,
fullest, 1,
regards, 2,
engrfunsho, 1,
auru, 2,
hotmailcomfrom, 2,
dombrovskichayenova, 2,
moscowrussia, 2,
federationtel, 2,
investmentit, 1,
moves, 1,
selected, 1,
accorded, 1,
assisting, 1,
appropriately, 1,
directing, 1,
investments, 1,
worldly, 1,
assure, 1,
strong, 1,
body, 1,
needs, 4,
humble, 1,
spirit, 1,
conduit, 2,
goodly, 1,
works, 2,
tool, 1,
makers, 1,
employ, 1,
tools, 1,
wood, 1,
hammers, 1,
pliers, 1,
screwdrivers, 1,
wrenches, 1,
groups, 1,
sincerely, 2,
worthy, 1,
live, 4,
expectationsi, 1,
elegant, 1,
solution, 1,
dilemmas, 1,
legal, 2,
sincerest, 1,
compliments, 1,
aurudate, 3,
response, 2,
letter, 4,
rerequest, 1,
urgent, 1,
presently, 1,
coded, 1,
cbn, 1,
virtue, 3,
agreement, 3,
chairman, 2,
review, 2,
panel, 2,
ones, 1,
aware, 1,
existence, 1,
successfully, 2,
acquire, 1,
means, 1,
absolutely, 1,
necessary, 2,
officialise, 1,
process, 1,
semblance, 1,
receipt, 2,
written, 2,
petroleum, 3,
entitled, 2,
allocation, 2,
exchange, 5,
federal, 2,
fmf, 2,
nigeriawe, 1,
expose, 1,
brows, 1,
direction, 1,
certainly, 1,
detrimental, 1,
directly, 1,
bonafide, 1,
contractortwo, 1,
ask, 2,
utilisation, 1,
aspirations, 1,
servants, 1,
safeguard, 1,
ensure, 1,
desperately, 1,
poorest, 1,
advise, 1,
possible, 1,
detail, 3,
completion, 2,
earnest, 1,
feel, 1,
free, 1,
anticipated, 1,
supportkindest, 1,
regardengrfunsho, 1,
board, 8,
posted, 3,
hi, 3,
interceptposted, 8,
volkswagons, 2,
condition, 1,
pm, 1,
listjtomski, 1,
dombrovskifrom, 1,
ngokidear, 1,
partner, 1,
greetings, 1,
fax, 1,
delight, 1,
noting, 1,
advised, 1,
bankers, 1,
vital, 1,
entire, 1,
fetus, 1,
stage, 1,
magnitudethe, 1,
numerous, 1,
byways, 1,
thus, 1,
explain, 1,
stands, 4,
ptf, 3,
transportation, 1,
wrph, 1,
resources, 1,
awarded, 1,
informed, 2,
owed, 1,
full, 2,
player, 1,
companyso, 1,
busy, 1,
approvals, 1,
needed, 1,
fme, 1,
secured, 1,
fileapplication, 1,
authenticate, 1,
contacted, 1,
anytime, 1,
properly, 1,
educated, 1,
intricacies, 1,
developments, 1,
endi, 1,
await, 1,
todaybest, 1,
ngoki, 2,
nigeriayou, 1,
transcribe, 1,
head, 1,
enable, 1,
introduced, 1,
bona, 1,
fide, 1,
certain, 1,
debt, 1,
reconciliation, 1,
drc, 1,
remitted, 1,
telegraphic, 1,
invoicethe, 1,
generalengineering, 1,
projectsdepartment, 1,
mines, 1,
powerfalomo, 1,
ikoyilagos, 1,
nigeriadear, 1,
bill, 1,
presented, 1,
action, 1,
flushing, 1,
calibration, 1,
ikot, 1,
ekpene, 1,
uyo, 1,
axial, 1,
stn, 1,
laying, 1,
pipes, 2,
warri, 2,
harcourt, 2,
welding, 1,
test, 1,
repair, 1,
faulty, 1,
turbine, 1,
bonny, 1,
harbour, 1,
structural, 1,
reinforcement, 1,
canu, 1,
river, 1,
dam, 1,
teriary, 1,
compliance, 1,
arthur, 1,
flushway, 1,
regarddr, 1,
anyone, 4,
engine, 1,
volkswagon, 1,
broken, 1,
mechanical, 1,
ignition, 1,
exhaust, 1,
soonvwhombre, 1,
vw, 1,
pontiac, 2,
vwhombre, 1,
different, 1,
kinds, 1,
dose, 1,
write, 1,
itjg, 1,
reply, 2,
arrangementsjt, 1,
sail, 1,
jtomski, 1,
savvytraveladvice, 3,
forum, 3,
wednesdayjhon, 1,
dayvwhombre, 1,
surprises, 1,
issue, 1,
instructed, 1,
upcoming, 1,
confident, 1,
minor, 1,
issues, 1,
become, 1,
distraction, 1,
committment, 1,
goals, 1,
persevere, 1,
sickness, 1,
meetingexpecting, 1,
soonest, 1,
saudisceneaujeddah, 1,
undercut, 1,
kingdom, 2,
aimed, 1,
militants, 2,
benefiting, 1,
insurgency, 1,
greater, 1,
availability, 1,
lead, 2,
violent, 1,
incidents, 1,
ordinary, 1,
saudis, 1,
especially, 1,
south, 3,
smuggle, 1,
sold, 1,
qa, 1,
eda, 1,
antigovernment, 1,
jazan, 1,
assir, 1,
provinces, 1,
firearm, 2,
permits, 1,
guards, 1,
mujahidin, 1,
dafa, 1,
valley, 1,
led, 1,
fled, 1,
riyal, 2,
carries, 1,
licensed, 1,
places, 1,
hosain, 1,
recently, 1,
incurred, 1,
punishment, 1,
dealing, 1,
result, 2,
riyals, 1,
everythingafricacom, 2,
blog, 2,
society, 6,
politicsseveral, 1,
sabaot, 1,
sldf, 2,
mt, 2,
elgon, 2,
uniforms, 1,
clothes, 1,
gashi, 3,
complete, 2,
conclude, 1,
bandits, 2,
rounded, 1,
routed, 1,
harassment, 1,
throughout, 1,
gakere, 1,
wangai, 1,
roughed, 1,
broke, 1,
beat, 1,
kept, 1,
hitting, 1,
pastor, 1,
similar, 1,
story, 2,
burst, 1,
thrashed, 1,
guests, 1,
knocked, 1,
unconscious, 1,
journalists, 1,
allowed, 1,
treated, 1,
else, 1,
harassed, 1,
politics, 4,
blogour, 2,
origin, 1,
foolproof, 1,
happened, 1,
negligence, 1,
frustrate, 1,
transfers, 2,
discredit, 1,
consignment, 1,
ordinance, 1,
factory, 1,
signed, 1,
countersigned, 1,
armourer, 2,
keep, 1,
copies, 1,
coming, 1,
positive, 1,
proof, 1,
track, 1,
handled, 1,
sourceforce, 1,
chief, 2,
acquiring, 1,
inquiries, 1,
resolve, 1,
riddleit, 1,
discovery, 1,
arsenal, 1,
ngong, 2,
preparation, 1,
accounted, 1,
forthe, 1,
dispel, 1,
banditry, 1,
munitions, 1,
addsin, 1,
fiery, 1,
examined, 1,
confusing, 1,
arrests, 1,
mwaka, 1,
indictment, 1,
offers, 1,
politicsfear, 1,
retributiona, 1,
shooting, 1,
commanders, 1,
excess, 1,
remainder, 1,
smuggled, 1,
continuing, 1,
relentless, 1,
uncovered, 1,
prosecution, 1,
wants, 1,
remanded, 1,
kilimani, 1,
lawyers, 1,
kagunda, 1,
yombeta, 1,
yaabets, 1,
wandingi, 1,
argued, 1,
offence, 1,
bailable, 1,
holding, 1,
fundamental, 1,
rightsaccording, 1,
charge, 1,
sheet, 1,
meant, 1,
mm, 3,
respectivelythey, 1,
respectivelyin, 1,
bloga, 1,
africa, 1,
ownerthe, 1,
count, 1,
warships, 1,
hunt, 1,
themthe, 1,
comes, 1,
vessel, 1,
talks, 1,
repeatedly, 1,
threatened, 1,
unless, 1,
multimillion, 1,
ransomthe, 1,
capture, 1,
armsladen, 1,
triggered, 1,
controversy, 1,
destinationthe, 1,
oct, 1,
originally, 1,
destined, 2,
changed, 1,
sudanas, 1,
beginning, 1,
interesting, 1,
watches, 1,
blogkenya, 1,
swedish, 1,
research, 3,
institute, 1,
middleman, 1,
sudan, 5,
violation, 1,
statesthe, 1,
assessment, 1,
multiyear, 1,
administered, 1,
survey, 3,
independent, 1,
graduate, 1,
global, 1,
studies, 1,
satellite, 1,
imagery, 1,
presence, 1,
ostensibly, 1,
consigned, 1,
cannon, 1,
launchers, 1,
akm, 1,
riflessome, 1,
facilitated, 1,
nairobibased, 1,
